<?xml version="1.0" encoding="utf-8"?>
<modification>
	<code>nopopup</code>
	<name>Disable Popup</name>
	<version>1.0</version>
	<author>Korveld WebDev</author>
	<link>https://github.com/Korveld</link>
	<file path="catalog/controller/product/product.php">
		<operation>
			<search><![CDATA[
				$this->document->addScript('catalog/view/javascript/jquery/magnific/jquery.magnific-popup.min.js');
			]]></search>
			<add position="replace"><![CDATA[

			]]></add>
		</operation>
		<operation>
			<search><![CDATA[
				$this->document->addStyle('catalog/view/javascript/jquery/magnific/magnific-popup.css');
			]]></search>
			<add position="replace"><![CDATA[

			]]></add>
		</operation>
	</file>  
</modification>
