<?xml version="1.0" encoding="utf-8"?>
<modification>
	<code>footerinf</code>
	<name>Footer Information</name>
	<version>1.0</version>
	<author>Korveld WebDev</author>
	<link>https://github.com/Korveld</link>
	<file path="catalog/controller/common/footer.php">
		<operation>
			<search><![CDATA[
				$this->load->language('common/footer');
			]]></search>
			<add position="before"><![CDATA[
				$data['home'] = $this->url->link('common/home');

				if ($this->request->server['HTTPS']) {
					$server = $this->config->get('config_ssl');
				} else {
					$server = $this->config->get('config_url');
				}

				if (is_file(DIR_IMAGE . $this->config->get('config_logo'))) {
					$data['logo'] = $server . 'image/' . $this->config->get('config_logo');
				} else {
					$data['logo'] = '';
				}

				$data['name'] = $this->config->get('config_name');
				$data['telephone'] = $this->config->get('config_telephone');
				$data['email'] = $this->config->get('config_email');
			]]></add>
		</operation>
	</file>  
</modification>
