<?xml version="1.0" encoding="utf-8"?>
<modification>
	<code>headerinf</code>
	<name>Header Information</name>
	<version>1.0</version>
	<author>Korveld WebDev</author>
	<link>https://github.com/Korveld</link>
	<file path="catalog/controller/common/menu.php">
		<operation>
			<search><![CDATA[
				$this->load->model('catalog/product');
			]]></search>
			<add position="after"><![CDATA[
				$this->load->model('catalog/information');
				$data['informations'] = array();
				foreach ($this->model_catalog_information->getInformations() as $result) {
					if ($result['top']) {
						$data['informations'][] = array(
							'title' => $result['title'],
							'href'  => $this->url->link('information/information', 'information_id=' . $result['information_id'])
						);
					}
				}
				$data['contact'] = $this->url->link('information/contact');
			]]></add>
		</operation>
	</file>
	<file path="admin/view/template/catalog/information_form.twig">
		<operation>
			<search><![CDATA[
				<label class="col-sm-2 control-label" for="input-bottom"><span data-toggle="tooltip" title="{{ help_bottom }}">{{ entry_bottom }}</span></label>
			]]></search>
			<add position="before" offset="1"><![CDATA[
				<div class="form-group">
						<label class="col-sm-2 control-label" for="input-top"><span data-toggle="tooltip" title="{{ help_top }}">{{ entry_top }}</span></label>
						<div class="col-sm-10">
							<div class="checkbox">
								<label>{% if top %}
									<input type="checkbox" name="top" value="1" checked="checked" id="input-top" />
									{% else %}
									<input type="checkbox" name="top" value="1" id="input-top" />
									{% endif %}
									&nbsp;</label>
							</div>
						</div>
				</div>
			]]></add>
		</operation>
	</file>
	<file path="admin/model/catalog/information.php">
		<operation>
			<search><![CDATA[
				$this->db->query("INSERT INTO " . DB_PREFIX . "information SET sort_order = '" . (int)$data['sort_order'] . "', bottom = '" . (isset($data['bottom']) ? (int)$data['bottom'] : 0) . "', status = '" . (int)$data['status'] . "'");
				]]></search>
	<add position="replace"><![CDATA[
				$this->db->query("INSERT INTO " . DB_PREFIX . "information SET sort_order = '" . (int)$data['sort_order'] . "', top = '" . (isset($data['top']) ? (int)$data['top'] : 0) . "', bottom = '" . (isset($data['bottom']) ? (int)$data['bottom'] : 0) . "', status = '" . (int)$data['status'] . "'");
			]]></add>
		</operation>
		<operation>
			<search><![CDATA[
				$this->db->query("UPDATE " . DB_PREFIX . "information SET sort_order = '" . (int)$data['sort_order'] . "', bottom = '" . (isset($data['bottom']) ? (int)$data['bottom'] : 0) . "', status = '" . (int)$data['status'] . "' WHERE information_id = '" . (int)$information_id . "'");
				]]></search>
	<add position="replace"><![CDATA[
				$this->db->query("UPDATE " . DB_PREFIX . "information SET sort_order = '" . (int)$data['sort_order'] . "', top = '" . (isset($data['top']) ? (int)$data['top'] : 0) . "', bottom = '" . (isset($data['bottom']) ? (int)$data['bottom'] : 0) . "', status = '" . (int)$data['status'] . "' WHERE information_id = '" . (int)$information_id . "'");
			]]></add>
		</operation>
	</file>
	<file path="admin/controller/catalog/information.php">
		<operation>
			<search><![CDATA[
				public function index() {
				]]></search>
	<add position="after"><![CDATA[
				$query = $this->db->query("DESC ".DB_PREFIX."information top");
				if (!$query->num_rows) {
						$this->db->query("ALTER TABLE `" . DB_PREFIX . "information` ADD `top` int(1) default '0'");
				}
			]]></add>
		</operation>
		<operation>
			<search><![CDATA[
				if (isset($this->request->post['bottom'])) {
				]]></search>
	<add position="before"><![CDATA[
				if (isset($this->request->post['top'])) {
						$data['top'] = $this->request->post['top'];
				} elseif (!empty($information_info)) {
						$data['top'] = $information_info['top'];
				} else {
						$data['top'] = 0;
				}
			]]></add>
		</operation>
	</file>
	<file path="admin/language/en-gb/catalog/information.php">
		<operation>
			<search><![CDATA[
				$_['entry_bottom']           = 'Bottom';
			]]></search>
			<add position="before"><![CDATA[
				$_['entry_top']              = 'Top';
			]]></add>
		</operation>
		<operation>
			<search><![CDATA[
				$_['help_bottom']            = 'Display in the bottom footer.';
			]]></search>
			<add position="before"><![CDATA[
				$_['help_top']               = 'Display in the top menu.';
			]]></add>
		</operation>
	</file>
	<file path="admin/language/ru-ru/catalog/information.php">
		<operation>
			<search><![CDATA[
				$_['entry_bottom']           = 'Отображать снизу';
			]]></search>
			<add position="before"><![CDATA[
				$_['entry_top']              = 'Отображать сверху';
			]]></add>
		</operation>
		<operation>
			<search><![CDATA[
				$_['help_bottom']            = 'Показывать в нижней части сайта (футер, подвал)';
			]]></search>
			<add position="before"><![CDATA[
				$_['help_top']            = 'Показывать в верхней части сайта (шапка, меню)';
			]]></add>
		</operation>
	</file>
</modification>
